<?xml version="1.0" encoding="UTF-8"?>
<!-- Generated by JClic - https://projectestac.github.io/jclic -->
<manifest identifier="JClic-8F7B76" version="1.0" xmlns="http://www.imsproject.org/xsd/imscp_rootv1p1p2" xmlns:adlcp="http://www.adlnet.org/xsd/adlcp_rootv1p2" xmlns:xsi="http://www.w3.org/2001/XMLSchema-instance" xsi:schemaLocation= "http://www.imsproject.org/xsd/imscp_rootv1p1p2 imscp_rootv1p1p2.xsd http://www.imsglobal.org/xsd/imsmd_rootv1p2p1 imsmd_rootv1p2p1.xsd http://www.adlnet.org/xsd/adlcp_rootv1p2 adlcp_rootv1p2.xsd">
 <metadata> 
  <schema>ADL SCORM</schema>
  <schemaversion>1.2</schemaversion>
 </metadata> 
 <organizations default="JClic">  
  <organization identifier="JClic">  
   <title>Electrical appliances</title>
   <item identifier="ITEM_JClic-8F7B76" identifierref="RES_JClic-8F7B76">
    <title>Electrical appliances</title>
   </item>
  </organization>
 </organizations>
 <resources>
  <resource identifier="RES_JClic-8F7B76" type="webcontent" href="/index.html" adlcp:scormtype="sco"> 
   <file href="aspiradora.png"/>
   <file href="batidora.png"/>
   <file href="blender_licuadora.mp3"/>
   <file href="cafetera.png"/>
   <file href="cocina.png"/>
   <file href="coffee_maker.mp3"/>
   <file href="computer.mp3"/>
   <file href="cover.png"/>
   <file href="dish_washer.mp3"/>
   <file href="electr.jclic"/>
   <file href="electr.jclic.js"/>
   <file href="electric_whisk.mp3"/>
   <file href="estufa.png"/>
   <file href="fan_ventilador.mp3"/>
   <file href="favicon.ico"/>
   <file href="fridge.mp3"/>
   <file href="frigorifico.png"/>
   <file href="hair_dryer.mp3"/>
   <file href="heater.mp3"/>
   <file href="horno.png"/>
   <file href="icon-192.png"/>
   <file href="icon-72.png"/>
   <file href="impresora.png"/>
   <file href="imsmanifest.xml"/>
   <file href="index.html"/>
   <file href="iron.mp3"/>
   <file href="lavadora.png"/>
   <file href="lavavajillas.png"/>
   <file href="library.jclic"/>
   <file href="library.jclic.js"/>
   <file href="licuadora.png"/>
   <file href="microondas.png"/>
   <file href="microwave_oven.mp3"/>
   <file href="ordenador.png"/>
   <file href="oven.mp3"/>
   <file href="plancha.png"/>
   <file href="printer.mp3"/>
   <file href="project.json"/>
   <file href="secador.png"/>
   <file href="stove.mp3"/>
   <file href="television_set.mp3"/>
   <file href="televisor.png"/>
   <file href="thumb.png"/>
   <file href="toaster.mp3"/>
   <file href="tostadora.png"/>
   <file href="vacuum_cleaner.mp3"/>
   <file href="ventilador.png"/>
   <file href="washing_machine.mp3"/>
  </resource>
 </resources>
</manifest>